<?xml version="1.0" encoding="UTF-8"?>
<Cv xmlns:xsi='http://www.w3.org/2001/XMLSchema-instance'
	xsi:noNamespaceSchemaLocation="cv.xsd">
	 <Identification>
	 <PersonName>
	 <FirstName>Max</FirstName>
	 <Surname>Strandberg</Surname>
	 </PersonName>
	 
	 
	 <ContactInfo>
	 <AddressLine>Apajakuja 7B</AddressLine>
	 <PostalCode>01600</PostalCode>
	 <Municipality>Vantaa</Municipality>
	 <Country>Finland</Country>
	 <Email>maxstrandberg@hotmale.com</Email>
	 </ContactInfo>
	 
	<Demographics>
	<Birthdate year="1989" month="05" day="05"/>
	<Gender>MALE</Gender>
	<Nationality>Finland</Nationality>
	</Demographics>

	 </Identification>
	 
	 <WorkExperienceList>
	 <WorkExperience>
	 <From year="2010" month="05" day="05"/>
	 <To year="2011" month="02" day="10"/>
	 <Position>Perusmies</Position>
	 <Activities>Coding</Activities>
	 <Employer>Databoys.ru</Employer>
	 </WorkExperience>
	 </WorkExperienceList>
</Cv>  