﻿<?xml version="1.0"?>
<Events xmlns:xsi="http://www.w3.org/2001/XMLSchema-instance" xsi:noNamespaceSchemaLocation="finnkino.xsd">
  <Event>

    <Title>95</Title>
    <OriginalTitle>95</OriginalTitle>
    <ProductionYear>2017</ProductionYear>
    <LengthInMinutes>107</LengthInMinutes>
    <dtLocalRelease>2017-12-25T00:00:00</dtLocalRelease>
    <Rating>7</Rating>
    <EventType>Movie</EventType>
    <Genres>Draama, Kotimainen</Genres>
    <ShortSynopsis>Vuoden 1995 jääkiekon maailmanmestaruusviikonloppuun sijoittuva 95-elokuva kertoo toisiinsa limittyvien tarinoiden kautta siitä, miksi Suomesta tuli maailmanmestari ja miten se vaikutti koko kansakuntaan. 95 on osa virallista Suomi 100 -juhlavuoden ohjelmistoa.</ShortSynopsis>
    <Synopsis>Vuoden 1995 jääkiekon maailmanmestaruusviikonloppuun sijoittuva 95-elokuva kertoo toisiinsa limittyvien tarinoiden kautta siitä, miksi Suomesta tuli maailmanmestari ja miten se vaikutti koko kansakuntaan.

95 on osa virallista Suomi 100 -juhlavuoden ohjelmistoa.
</Synopsis>
    <Cast>
      <Actor>
        <FirstName>Jens</FirstName>
        <LastName>Hulten</LastName>
      </Actor>
      <Actor>
        <FirstName>Kari-Pekka</FirstName>
        <LastName>Toivonen</LastName>
      </Actor>
      <Actor>
        <FirstName>Jon-Jon</FirstName>
        <LastName>Geitel</LastName>
      </Actor>
      <Actor>
        <FirstName>Akseli</FirstName>
        <LastName>Kouki</LastName>
      </Actor>
      <Actor>
        <FirstName>Kustaa</FirstName>
        <LastName>Tuohimaa</LastName>
      </Actor>
      <Actor>
        <FirstName>Joel</FirstName>
        <LastName>Hirvonen</LastName>
      </Actor>
    </Cast>
    <Directors>
      <Director>
        <FirstName>Aleksi</FirstName>
        <LastName>Mäkelä</LastName>
      </Director>
    </Directors>
  </Event>
  <Event>
    <Title>All the Money in the World</Title>
    <OriginalTitle>All the Money in the World</OriginalTitle>
    <ProductionYear>2017</ProductionYear>
    <LengthInMinutes>133</LengthInMinutes>
    <dtLocalRelease>2018-01-12T00:00:00</dtLocalRelease>
    <Rating>16</Rating>
    <EventType>Movie</EventType>
    <Genres>Draama, Jännitys</Genres>
    <ShortSynopsis>Elokuva kertoo 16-vuotiaan John Paul Getty III:n (Charlie Plummer) kidnappauksesta ja hänen omistautuneen äitinsä Gailin (Michelle Williams) epätoivoisesta yrityksestä saada poikansa miljonääri isoisä (Christopher Plummer) maksamaan lunnaat.</ShortSynopsis>
    <Synopsis>Elokuva kertoo 16-vuotiaan John Paul Getty III:n (Charlie Plummer) kidnappauksesta ja hänen omistautuneen äitinsä Gailin (Michelle Williams) epätoivoisesta yrityksestä saada poikansa miljonääri isoisä (Christopher Plummer) maksamaan lunnaat. Getty vanhemman kieltäytyessä, ja sieppaajien muuttuessa yhä epävakaammiksi ja brutaalimmaksi, Gail yrittää vedota häneen. Poikansa elämän ollessa vaakalaudalla, Gailista ja Gettyn neuvonantajasta (Mark Wahlberg) muodostuu epätavalliset liittolaiset kilpailussa aikaa vastaan. Kilpailussa, joka lopulta paljastaa rakkauden todellisen arvon suhteessa rahaan.</Synopsis>

    <Cast>
      <Actor>
        <FirstName>Michelle</FirstName>
        <LastName>Williams</LastName>
      </Actor>
      <Actor>
        <FirstName>Mark</FirstName>
        <LastName>Wahlberg</LastName>
      </Actor>
      <Actor>
        <FirstName>Christopher</FirstName>
        <LastName>Plummer</LastName>
      </Actor>
      <Actor>
        <FirstName>Romain</FirstName>
        <LastName>Duris</LastName>
      </Actor>
      <Actor>
        <FirstName>Charlie</FirstName>
        <LastName>Plummer</LastName>
      </Actor>
      <Actor>
        <FirstName>Timothy</FirstName>
        <LastName>Hutton</LastName>
      </Actor>
      <Actor>
        <FirstName>Dan</FirstName>
        <LastName>Friedkin</LastName>
      </Actor>
    </Cast>
    <Directors>
      <Director>
        <FirstName>Ridley</FirstName>
        <LastName>Scott</LastName>
      </Director>
    </Directors>
  </Event>
  <Event>
    <Title>American Assassin</Title>
    <OriginalTitle>American Assassin</OriginalTitle>
    <ProductionYear>2017</ProductionYear>
    <LengthInMinutes>112</LengthInMinutes>
    <dtLocalRelease>2017-12-08T00:00:00</dtLocalRelease>
    <Rating>16</Rating>
    <EventType>Movie</EventType>
    <Genres>Toiminta, Jännitys</Genres>
    <ShortSynopsis>American Assassin seuraa CIA:n salajoukkoihin värvätyn Mitch Rappin kehitystä sotaveteraani Stan Hurleyn opissa. CIA:n apulaisjohtaja Irene Kennedy valitsee kaksikon tutkimaan kanssaan sattumanvaraiselta vaikuttavaa hyökkäysten aaltoa, jonka kohteena on ollut niin sotilaita kuin siviilejäkin.</ShortSynopsis>
    <Synopsis>American Assassin seuraa CIA:n salajoukkoihin värvätyn Mitch Rappin kehitystä sotaveteraani Stan Hurleyn opissa. CIA:n apulaisjohtaja Irene Kennedy valitsee kaksikon tutkimaan kanssaan sattumanvaraiselta vaikuttavaa hyökkäysten aaltoa, jonka kohteena on ollut niin sotilaita kuin siviilejäkin. Yhdessä he löytävät teoista kaavan, mikä johtaa heidät yhdistämään voimansa turkkilaisagentin kanssa. Heidän on pysäytettävä salaperäinen toimija, jonka tarkoituksena on aloittaa maailmansota Lähi-idässä.</Synopsis>

    <Cast>
      <Actor>
        <FirstName>Dylan</FirstName>
        <LastName>O'Brien</LastName>
      </Actor>
      <Actor>
        <FirstName>Michael</FirstName>
        <LastName>Keaton</LastName>
      </Actor>
      <Actor>
        <FirstName>Sanaa</FirstName>
        <LastName>Lathan</LastName>
      </Actor>
      <Actor>
        <FirstName>Shiva</FirstName>
        <LastName>Negar</LastName>
      </Actor>
      <Actor>
        <FirstName>Taylor</FirstName>
        <LastName>Kitsch</LastName>
      </Actor>
    </Cast>
    <Directors>
      <Director>
        <FirstName>Michael</FirstName>
        <LastName>Cuesta</LastName>
      </Director>
    </Directors>
 
  </Event>

 
  <Event>

    <Title>C'est la vie - häät ranskalaiseen tapaan</Title>
    <OriginalTitle>Le sens de la fête</OriginalTitle>
    <ProductionYear>2017</ProductionYear>
    <LengthInMinutes>117</LengthInMinutes>
    <dtLocalRelease>2018-01-12T00:00:00</dtLocalRelease>
    <Rating>S</Rating>
    <EventType>Movie</EventType>
    <Genres>Komedia</Genres>
    <ShortSynopsis>Eric Toledanon ja Olivier Nakachen menestyselokuva Koskemattomat sulatti sydämiä viisi vuotta sitten. Ohjaajakaksikon uusin draamakomedia C'EST LA VIE - HÄÄT RANSKALAISEEN TAPAAN on kunnianosoitus elämälle, rakkaudelle ja kaikelle hässäkälle siinä välissä. Hääpäivä koittaa. Morsiamella ja sulhasella on edessään elämänsä tärkein ilta.</ShortSynopsis>
    <Synopsis>Eric Toledanon ja Olivier Nakachen menestyselokuva Koskemattomat sulatti sydämiä viisi vuotta sitten. Ohjaajakaksikon uusin draamakomedia C'EST LA VIE - HÄÄT RANSKALAISEEN TAPAAN on kunnianosoitus elämälle, rakkaudelle ja kaikelle hässäkälle siinä välissä.

Hääpäivä koittaa. Morsiamella ja sulhasella on edessään elämänsä tärkein ilta. Sen sijaan pitopalvelusta vastaavalle Maxille (Jean-Pierre Bacri), valokuvaaja Guylle (Jean-Paul Rouve) ja illan musiikista vastaavalle viihdetaiteilija Jamesille (Gilles Lellouche) ilta on vain yksi tusinasta samanlaisesta.

Pierre ja Helena ovat yksi monista morsiuspareista, jotka ovat päättäneet viettää rakkautensa juhlaa hulppeassa linnassa Pariisin ulkopuolella. Prameiden hääjuhlien taustavoimissa tottuneesti toimivat juhlan ammattilaiset huseeraavat kulisseissa toteuttamassa isäntäväen aivoituksia juhlapäivän aamunkoitosta aina seuraavaan yön pikkutunneille saakka. Ja he, joille kiitos hyvistä häistä tosiasiassa kuuluu, tekevät niin paljon enemmän, kuin isäntäväki koskaan saa tietää. Eikä suinkaan kaikkea aivan käsikirjoituksen mukaan.

Kieli: ranska / Tekstitys: suomi &amp; ruotsi</Synopsis>
    
    <Cast>
      <Actor>
        <FirstName>Jean-Pierre</FirstName>
        <LastName>Bacri</LastName>
      </Actor>
      <Actor>
        <FirstName>Jean-Paul</FirstName>
        <LastName>Rouve</LastName>
      </Actor>
      <Actor>
        <FirstName>Gilles</FirstName>
        <LastName>Lellouche</LastName>
      </Actor>
      <Actor>
        <FirstName>Vincent</FirstName>
        <LastName>Macaigne</LastName>
      </Actor>
      <Actor>
        <FirstName>Hélène</FirstName>
        <LastName>Vincent</LastName>
      </Actor>
      <Actor>
        <FirstName>Benjamin</FirstName>
        <LastName>Lavernhe</LastName>
      </Actor>
      <Actor>
        <FirstName>Judith</FirstName>
        <LastName>Chemla</LastName>
      </Actor>
    </Cast>
    <Directors>
      <Director>
        <FirstName>Olivier</FirstName>
        <LastName>Nakache</LastName>
      </Director>
      <Director>
        <FirstName>Eric</FirstName>
        <LastName>Toledano</LastName>
      </Director>
    </Directors>
  </Event>
  <Event>
    <Title>Fifty Shades Freed</Title>
    <OriginalTitle>Fifty Shades Freed</OriginalTitle>
    <ProductionYear>2018</ProductionYear>
    <LengthInMinutes>105</LengthInMinutes>
    <dtLocalRelease>2018-02-09T00:00:00</dtLocalRelease>
    <Rating>16</Rating>
    <EventType>Movie</EventType>
    <Genres>Draama, Romantiikka</Genres>
    <ShortSynopsis>Jamie Dornan ja Dakota Johnson palaavat rooleihinsa Christian Greynä ja Anastasia Steelenä elokuvassa Fifty Shades Freed, joka pohjautuu kansainvälisen menestysromaanitrilogian kolmanteen osaan ja saapuu elokuvateattereihin ystävänpäiväksi.</ShortSynopsis>
    <Synopsis>Jamie Dornan ja Dakota Johnson palaavat rooleihinsa Christian Greynä ja Anastasia Steelenä elokuvassa Fifty Shades Freed, joka pohjautuu kansainvälisen menestysromaanitrilogian kolmanteen osaan ja saapuu elokuvateattereihin ystävänpäiväksi.</Synopsis>
    <Cast>
      <Actor>
        <FirstName>Dakota</FirstName>
        <LastName>Johnson</LastName>
      </Actor>
      <Actor>
        <FirstName>Jamie</FirstName>
        <LastName>Dornan</LastName>
      </Actor>
      <Actor>
        <FirstName>Eric</FirstName>
        <LastName>Johnson</LastName>
      </Actor>
      <Actor>
        <FirstName>Eloise</FirstName>
        <LastName>Mumford</LastName>
      </Actor>
      <Actor>
        <FirstName>Rita</FirstName>
        <LastName>Ora</LastName>
      </Actor>
      <Actor>
        <FirstName>Luke</FirstName>
        <LastName>Grimes</LastName>
      </Actor>
      <Actor>
        <FirstName>Victor</FirstName>
        <LastName>Rasuk</LastName>
      </Actor>
      <Actor>
        <FirstName>Max</FirstName>
        <LastName>Martini</LastName>
      </Actor>
      <Actor>
        <FirstName>Callum Keith</FirstName>
        <LastName>Rennie</LastName>
      </Actor>
      <Actor>
        <FirstName>Kim</FirstName>
        <LastName>Basinger</LastName>
      </Actor>
      <Actor>
        <FirstName>Marcia Gay</FirstName>
        <LastName>Harden</LastName>
      </Actor>
    </Cast>
    <Directors>
      <Director>
        <FirstName>James</FirstName>
        <LastName>Foley</LastName>
      </Director>
    </Directors>
  </Event>
  
  <Event>

    <Title>Kaikki oikein</Title>
    <OriginalTitle>Kaikki oikein</OriginalTitle>
    <ProductionYear>2017</ProductionYear>
    <LengthInMinutes>86</LengthInMinutes>
    <dtLocalRelease>2018-01-12T00:00:00</dtLocalRelease>
    <Rating>S</Rating>
    <EventType>Movie</EventType>
    <Genres>Komedia, Draama, Kotimainen</Genres>
    <ShortSynopsis>Kaikki oikein on draamakomedia Eevistä, joka voittaa lotossa jättipotin. Eevi työskentelee kauneushoitolassa ja elää vaatimattomasti Helsingin laitamilla rokkarimiehensä Karin kanssa. Voiton jälkeen pariskunta sopii jatkavansa elämää toistaiseksi kuten ennenkin, kertomatta voitosta muille.</ShortSynopsis>
    <Synopsis>Kaikki oikein on draamakomedia Eevistä, joka voittaa lotossa jättipotin. Eevi työskentelee kauneushoitolassa ja elää vaatimattomasti Helsingin laitamilla rokkarimiehensä Karin kanssa. Voiton jälkeen pariskunta sopii jatkavansa elämää toistaiseksi kuten ennenkin, kertomatta voitosta muille. Rahat kuitenkin polttelevat taskussa, mitä heidän on vaikea peitellä. Samalla käsitys itsestä ja parisuhteesta joutuu koetukselle. Kaikki tuntuvat suhtautuvan heihin omituisesti, vaikka he yrittävät viestittää olevansa samoja ihmisiä kuin ennenkin. Tuovatko miljoonat mukanaan onnea ensinkään?</Synopsis>
    <Cast>
      <Actor>
        <FirstName>Antti</FirstName>
        <LastName>Luusuaniemi</LastName>
      </Actor>
      <Actor>
        <FirstName>Elsa</FirstName>
        <LastName>Saisio</LastName>
      </Actor>
      <Actor>
        <FirstName>Jenni</FirstName>
        <LastName>Kokander</LastName>
      </Actor>
      <Actor>
        <FirstName>Malla</FirstName>
        <LastName>Malmivaara</LastName>
      </Actor>
      <Actor>
        <FirstName>Pirjo</FirstName>
        <LastName>Lonka</LastName>
      </Actor>
      <Actor>
        <FirstName>Lotta</FirstName>
        <LastName>Lindroos</LastName>
      </Actor>
      <Actor>
        <FirstName>Ylermi</FirstName>
        <LastName>Rajamaa</LastName>
      </Actor>
      <Actor>
        <FirstName>Kristiina</FirstName>
        <LastName>Halttu</LastName>
      </Actor>
      <Actor>
        <FirstName>Timo</FirstName>
        <LastName>Lavikainen</LastName>
      </Actor>
      <Actor>
        <FirstName>Pamela</FirstName>
        <LastName>Tola</LastName>
      </Actor>
      <Actor>
        <FirstName>Juha</FirstName>
        <LastName>Muje</LastName>
      </Actor>
      <Actor>
        <FirstName>Sinikka</FirstName>
        <LastName>Sokka</LastName>
      </Actor>
      <Actor>
        <FirstName>Aksa</FirstName>
        <LastName>Korttila</LastName>
      </Actor>
    </Cast>
    <Directors>
      <Director>
        <FirstName>Lenka</FirstName>
        <LastName>Hellstedt</LastName>
      </Director>
    </Directors>
  </Event>
 
  <Event>
    <Title>Supermarsu</Title>
    <OriginalTitle>Supermarsu</OriginalTitle>
    <ProductionYear>2017</ProductionYear>
    <LengthInMinutes>85</LengthInMinutes>
    <dtLocalRelease>2018-01-26T00:00:00</dtLocalRelease>
    <Rating>S</Rating>
    <EventType>Movie</EventType>
    <Genres>Perhe-elokuva, Kotimainen</Genres>
    <ShortSynopsis>Supermarsu kertoo alakouluikäisestä Emiliasta, joka huomaa omaavansa lemmikkimarsunsa pureman jälkeen salaisia supervoimia. Supervoimille tulee käyttöä, kun Supermarsua pyydetään auttamaan silakoita ja pelastamaan saastunut Itämeri. Lisäksi Emilia ratkoo parhaan ystävänsä Simon koulukiusaamisasiaa.</ShortSynopsis>
    <Synopsis>Supermarsu kertoo alakouluikäisestä Emiliasta, joka huomaa omaavansa lemmikkimarsunsa pureman jälkeen salaisia supervoimia. Supervoimille tulee käyttöä, kun Supermarsua pyydetään auttamaan silakoita ja pelastamaan saastunut Itämeri. Lisäksi Emilia ratkoo parhaan ystävänsä Simon koulukiusaamisasiaa. Haastavissa tehtävissään Emilia saa apua kokeneelta ja viisaalta jättiläismarsulta.

Elokuva perustuu vapaasti Paula Norosen vuoden 2009 Finlandia-junior -ehdokaskirjaan Emilian päiväkirja – Supermarsu pelastaa silakat.</Synopsis>

    <Cast>
      <Actor>
        <FirstName>Ella</FirstName>
        <LastName>Jäppinen</LastName>
      </Actor>
      <Actor>
        <FirstName>Viljami</FirstName>
        <LastName>Lahti</LastName>
      </Actor>
      <Actor>
        <FirstName>Essi</FirstName>
        <LastName>Hellén</LastName>
      </Actor>
      <Actor>
        <FirstName>Eero</FirstName>
        <LastName>Ritala</LastName>
      </Actor>
      <Actor>
        <FirstName>Arttu</FirstName>
        <LastName>Wiskari</LastName>
      </Actor>
      <Actor>
        <FirstName>Tommi</FirstName>
        <LastName>Korpela</LastName>
      </Actor>
      <Actor>
        <FirstName>Kari</FirstName>
        <LastName>Hietalahti</LastName>
      </Actor>
      <Actor>
        <FirstName>Pirjo</FirstName>
        <LastName>Heikkilä</LastName>
      </Actor>
      <Actor>
        <FirstName>Pirjo</FirstName>
        <LastName>Lonka</LastName>
      </Actor>
      <Actor>
        <FirstName>Roope</FirstName>
        <LastName>Salminen</LastName>
      </Actor>
      <Actor>
        <FirstName>Jon-Jon</FirstName>
        <LastName>Geitel</LastName>
      </Actor>
      <Actor>
        <FirstName>Matti</FirstName>
        <LastName>Onnismaa</LastName>
      </Actor>
      <Actor>
        <FirstName>Tiina</FirstName>
        <LastName>Lymi</LastName>
      </Actor>
    </Cast>
    <Directors>
      <Director>
        <FirstName>Joona</FirstName>
        <LastName>Tena</LastName>
      </Director>
    </Directors>
  </Event>
  
  <Event>
    <Title>Veljeni vartija</Title>
    <OriginalTitle>Veljeni vartija</OriginalTitle>
    <ProductionYear>2018</ProductionYear>
    <LengthInMinutes>100</LengthInMinutes>
    <dtLocalRelease>2018-01-31T00:00:00</dtLocalRelease>
    <Rating>Tulossa</Rating>
    <EventType>Movie</EventType>
    <Genres>Draama, Kotimainen</Genres>
    <ShortSynopsis>Veljeni vartija kertoo erottamattomista veljeksistä ja suomalaisen musiikin suurimman tähden torjutusta rakkaudesta. Siitä, mitä vaatii, että murtaa kirouksen ja ottaa elämänsä omiin käsiinsä.</ShortSynopsis>
    <Synopsis>Veljeni vartija kertoo erottamattomista veljeksistä ja suomalaisen musiikin suurimman tähden torjutusta rakkaudesta. Siitä, mitä vaatii, että murtaa kirouksen ja ottaa elämänsä omiin käsiinsä.</Synopsis>
    <Cast>
      <Actor>
        <FirstName>Antti</FirstName>
        <LastName>Holma</LastName>
      </Actor>
      <Actor>
        <FirstName>Armi</FirstName>
        <LastName>Toivanen</LastName>
      </Actor>
      <Actor>
        <FirstName>Saga</FirstName>
        <LastName>Sarkola</LastName>
      </Actor>
      <Actor>
        <FirstName>Alina</FirstName>
        <LastName>Tomnikov</LastName>
      </Actor>
      <Actor>
        <FirstName>Kai</FirstName>
        <LastName>Lehtinen</LastName>
      </Actor>
      <Actor>
        <FirstName>Anna-Leena</FirstName>
        <LastName>Härkönen</LastName>
      </Actor>
      <Actor>
        <FirstName>Niklas</FirstName>
        <LastName>Liukkonen</LastName>
      </Actor>
      <Actor>
        <FirstName>Julius</FirstName>
        <LastName>Liukkonen</LastName>
      </Actor>
      <Actor>
        <FirstName>Eemeli</FirstName>
        <LastName>Masanen</LastName>
      </Actor>
      <Actor>
        <FirstName>Vilhelmi</FirstName>
        <LastName>Masanen</LastName>
      </Actor>
    </Cast>
    <Directors>
      <Director>
        <FirstName>JP</FirstName>
        <LastName>Siili</LastName>
      </Director>
    </Directors>
  </Event>
</Events>